{
    "timestamp": "20260202_133211",
    "input_shape": [
        61
    ],
    "output_shape": [
        1
    ],
    "total_params": 7330,
    "training_history": {
        "loss": [
            0.2551795244216919
        ],
        "accuracy": [
            0.9489796161651611
        ],
        "precision": [
            0.9417670965194702
        ],
        "recall": [
            0.9571428298950195
        ],
        "auc": [
            0.9870803356170654
        ],
        "val_loss": [
            0.6308796405792236
        ],
        "val_accuracy": [
            0.8285714387893677
        ],
        "val_precision": [
            0.7851239442825317
        ],
        "val_recall": [
            0.9047619104385376
        ],
        "val_auc": [
            0.9059410095214844
        ],
        "lr": [
            3.125000148429535e-05
        ]
    }
}