{
    "loss": [
        2.037640333175659,
        1.901290774345398,
        1.8189494609832764,
        1.7575362920761108,
        1.652065634727478,
        1.6054234504699707,
        1.5227673053741455,
        1.5112556219100952,
        1.4016902446746826,
        1.3872867822647095,
        1.3381965160369873,
        1.293325662612915,
        1.2626749277114868,
        1.2174850702285767,
        1.1615816354751587,
        1.127397060394287,
        1.0893193483352661,
        1.0669739246368408,
        1.0407432317733765,
        0.9909711480140686,
        0.9806334972381592,
        0.9206846952438354,
        0.892339289188385,
        0.8960378170013428,
        0.8323991298675537,
        0.845862090587616,
        0.7986477613449097,
        0.7867639660835266,
        0.7441253662109375,
        0.7316967844963074,
        0.7321247458457947,
        0.6904063820838928,
        0.6998116970062256,
        0.6334689259529114,
        0.6398398876190186,
        0.6289084553718567,
        0.6378378868103027,
        0.603077232837677,
        0.578739583492279,
        0.5694012641906738,
        0.5898236036300659,
        0.5587843656539917,
        0.5561144351959229,
        0.5456082224845886,
        0.5285027623176575,
        0.5153103470802307,
        0.5001440048217773,
        0.48413801193237305,
        0.4981931149959564,
        0.5030206441879272
    ],
    "accuracy": [
        0.5551020503044128,
        0.6204081773757935,
        0.6244897842407227,
        0.6306122541427612,
        0.6704081892967224,
        0.6448979377746582,
        0.6938775777816772,
        0.6857143044471741,
        0.7408163547515869,
        0.7193877696990967,
        0.7367346882820129,
        0.7081632614135742,
        0.7469387650489807,
        0.7408163547515869,
        0.7612245082855225,
        0.75,
        0.7571428418159485,
        0.7704081535339355,
        0.7653061151504517,
        0.7744898200035095,
        0.768367350101471,
        0.7948979735374451,
        0.7897959351539612,
        0.7846938967704773,
        0.8193877339363098,
        0.7979592084884644,
        0.8081632852554321,
        0.8153061270713806,
        0.8244897723197937,
        0.8285714387893677,
        0.8081632852554321,
        0.8336734771728516,
        0.827551007270813,
        0.8642857074737549,
        0.8520408272743225,
        0.8500000238418579,
        0.8397959470748901,
        0.8500000238418579,
        0.863265335559845,
        0.8683673739433289,
        0.8551020622253418,
        0.859183669090271,
        0.8489795923233032,
        0.8683673739433289,
        0.8693877458572388,
        0.8704081773757935,
        0.863265335559845,
        0.8775510191917419,
        0.8755102157592773,
        0.8714285492897034
    ],
    "precision": [
        0.5513308048248291,
        0.6204081773757935,
        0.6205533742904663,
        0.6264821887016296,
        0.6707566380500793,
        0.6370656490325928,
        0.686274528503418,
        0.6763566136360168,
        0.7251908183097839,
        0.7071291208267212,
        0.7239382266998291,
        0.6961538195610046,
        0.7283018827438354,
        0.7277992367744446,
        0.748062014579773,
        0.7342256307601929,
        0.7490118741989136,
        0.7613412141799927,
        0.7509652376174927,
        0.7632094025611877,
        0.7504761815071106,
        0.7784200310707092,
        0.7795275449752808,
        0.7708737850189209,
        0.8074656128883362,
        0.7955465316772461,
        0.7984189987182617,
        0.807157039642334,
        0.8093385100364685,
        0.8108108043670654,
        0.7960784435272217,
        0.8199608325958252,
        0.8165680766105652,
        0.8520709872245789,
        0.8484848737716675,
        0.8464646339416504,
        0.832335352897644,
        0.8396039605140686,
        0.8503937125205994,
        0.867617130279541,
        0.8479999899864197,
        0.8424124717712402,
        0.8433734774589539,
        0.8546168804168701,
        0.8619999885559082,
        0.8551859259605408,
        0.8560000061988831,
        0.8714859485626221,
        0.8679999709129333,
        0.8611111044883728
    ],
    "recall": [
        0.5918367505073547,
        0.6204081773757935,
        0.640816330909729,
        0.6469388008117676,
        0.6693877577781677,
        0.6734693646430969,
        0.7142857313156128,
        0.7122448682785034,
        0.7755101919174194,
        0.7489795684814453,
        0.7653061151504517,
        0.7387754917144775,
        0.7877551317214966,
        0.7693877816200256,
        0.7877551317214966,
        0.7836734652519226,
        0.7734693884849548,
        0.7877551317214966,
        0.7938775420188904,
        0.795918345451355,
        0.8040816187858582,
        0.8244897723197937,
        0.8081632852554321,
        0.8102040886878967,
        0.8387755155563354,
        0.8020408153533936,
        0.8244897723197937,
        0.8285714387893677,
        0.8489795923233032,
        0.8571428656578064,
        0.8285714387893677,
        0.8551020622253418,
        0.844897985458374,
        0.8816326260566711,
        0.8571428656578064,
        0.8551020622253418,
        0.8510203957557678,
        0.8653061389923096,
        0.8816326260566711,
        0.8693877458572388,
        0.8653061389923096,
        0.8836734890937805,
        0.8571428656578064,
        0.8877550959587097,
        0.8795918226242065,
        0.8918367624282837,
        0.8734694123268127,
        0.8857142925262451,
        0.8857142925262451,
        0.8857142925262451
    ],
    "auc": [
        0.5841898918151855,
        0.6429633498191833,
        0.663688063621521,
        0.6777135133743286,
        0.7193961143493652,
        0.7185860276222229,
        0.7626259922981262,
        0.7406601905822754,
        0.7985652089118958,
        0.7799188494682312,
        0.7978737950325012,
        0.7965055704116821,
        0.8023073673248291,
        0.8099209070205688,
        0.8261058330535889,
        0.8357913494110107,
        0.8357725739479065,
        0.8424739241600037,
        0.8420595526695251,
        0.8557330369949341,
        0.8474739789962769,
        0.8746709823608398,
        0.8765556216239929,
        0.8605664968490601,
        0.8905268311500549,
        0.8746542930603027,
        0.8904018998146057,
        0.8885985016822815,
        0.9051831960678101,
        0.9031028747558594,
        0.8955352306365967,
        0.9118263125419617,
        0.9000312089920044,
        0.9278945922851562,
        0.919323205947876,
        0.9227612614631653,
        0.9106372594833374,
        0.9267139434814453,
        0.9300895929336548,
        0.9317908883094788,
        0.9178717732429504,
        0.9301000237464905,
        0.9291234016418457,
        0.9298083782196045,
        0.9344293475151062,
        0.9377801418304443,
        0.9416118264198303,
        0.9463390707969666,
        0.9398521780967712,
        0.9367846846580505
    ],